,Car,History,KM,Year_purchase,Owner,fuel,Transmission,Price,Location
0,2012 Ford Fiesta TITANIUM DIESEL MANUAL,Non-Accidental,"68,356 km",November 2012,2nd Owner,Diesel,MANUAL,"Fixed Price
₹2,61,099",Delhi
1,2012 Maruti Swift Dzire VDI BS IV MANUAL,Non-Accidental,"1,26,803 km",October 2012,1st Owner,Diesel,MANUAL,"Fixed Price
₹2,74,099",Delhi
2,2012 Maruti Swift VDI MANUAL,Non-Accidental,"1,20,326 km",November 2012,2nd Owner,Diesel,MANUAL,"Fixed Price
₹2,60,099",Delhi
3,2014 Maruti Ertiga VDI ABS MANUAL,Non-Accidental,"64,013 km",May 2014,1st Owner,Diesel,MANUAL,"Fixed Price
₹4,91,299",Delhi
4,2012 Maruti Swift ZXI MANUAL,Non-Accidental,"79,744 km",April 2012,1st Owner,Petrol,MANUAL,"Fixed Price
₹3,95,299",Delhi
5,2013 Maruti Swift Dzire VDI BS IV MANUAL,Non-Accidental,"40,212 km",March 2013,1st Owner,Diesel,MANUAL,"Fixed Price
₹3,89,899",Delhi
6,2017 Ford New Figo 1.2 TREND MANUAL,Non-Accidental,"3,430 km",February 2017,1st Owner,Petrol,MANUAL,"Fixed Price
₹4,72,799",Delhi
7,2016 Hyundai Elite i20 MAGNA 1.2 MANUAL,Non-Accidental,"37,628 km",July 2016,1st Owner,Petrol,MANUAL,"Fixed Price
₹5,25,399",Delhi
8,2014 Maruti Alto K10 VXI MANUAL,Non-Accidental,"40,562 km",October 2014,1st Owner,Petrol,MANUAL,"Fixed Price
₹2,92,499",Delhi
9,2015 Maruti Swift VDI ABS MANUAL,Non-Accidental,"89,196 km",April 2015,1st Owner,Diesel,MANUAL,"Fixed Price
₹4,14,499",Delhi
10,2014 Maruti Swift Dzire VDI BS IV MANUAL,Non-Accidental,"96,978 km",January 2014,1st Owner,Diesel,MANUAL,"Fixed Price
₹4,24,499",Delhi
11,2014 Maruti Ritz VDI MANUAL,Non-Accidental,"43,382 km",January 2014,1st Owner,Diesel,MANUAL,"Fixed Price
₹3,40,599",Delhi
12,2013 Maruti Swift VDI MANUAL,Non-Accidental,"1,14,506 km",January 2013,1st Owner,Diesel,MANUAL,"Fixed Price
₹3,45,499",Delhi
13,2015 Maruti Swift Dzire LDI BS IV MANUAL,Non-Accidental,"1,00,242 km",January 2015,1st Owner,Diesel,MANUAL,"Fixed Price
₹3,78,699",Delhi
14,2013 Hyundai i20 SPORTZ 1.4 CRDI MANUAL,Non-Accidental,"64,361 km",August 2013,1st Owner,Diesel,MANUAL,"Fixed Price
₹3,72,099",Delhi
15,2016 Ford Ecosport 1.5 TITANIUM TI VCT MANUAL,Non-Accidental,"7,789 km",February 2016,1st Owner,Petrol,MANUAL,"Fixed Price
₹7,33,799",Delhi
16,2014 Maruti Swift VXI MANUAL,Non-Accidental,"1,07,206 km",December 2014,1st Owner,Petrol,MANUAL,"Fixed Price
₹4,01,699",Delhi
17,2017 Maruti Swift LDI O MANUAL,Non-Accidental,"71,827 km",June 2017,1st Owner,Diesel,MANUAL,"Fixed Price
₹4,39,399",Delhi
18,2016 Maruti Swift Dzire VDI ABS MANUAL,Non-Accidental,"1,58,642 km",August 2016,1st Owner,Diesel,MANUAL,"Fixed Price
₹4,51,599",Delhi
19,2013 Maruti Swift VDI MANUAL,Non-Accidental,"1,12,335 km",January 2013,1st Owner,Diesel,MANUAL,"Fixed Price
₹3,38,799",Delhi
20,2013 Maruti Swift VDI MANUAL,Non-Accidental,"83,143 km",May 2013,1st Owner,Diesel,MANUAL,"Fixed Price
₹3,44,199",Delhi
21,2014 Ford Ecosport 1.5 TITANIUMTDCI OPT MANUAL,Non-Accidental,"1,56,205 km",January 2014,1st Owner,Diesel,MANUAL,"Fixed Price
₹4,61,599",Delhi
22,2016 Maruti Swift Dzire VDI ABS MANUAL,Non-Accidental,"79,048 km",August 2016,2nd Owner,Diesel,MANUAL,"Fixed Price
₹5,01,899",Delhi
23,2014 Maruti Swift VDI MANUAL,Non-Accidental,"79,144 km",January 2014,1st Owner,Diesel,MANUAL,"Fixed Price
₹3,55,899",Delhi
24,2014 Ford Ecosport 1.5 TREND TDCI MANUAL,Non-Accidental,"1,02,117 km",May 2014,1st Owner,Diesel,MANUAL,"Fixed Price
₹4,32,999",Delhi
25,2013 Maruti Swift LXI MANUAL,Non-Accidental,"99,562 km",May 2013,2nd Owner,Petrol,MANUAL,"Fixed Price
₹3,63,499",Delhi
26,2013 Maruti Swift LXI MANUAL,Non-Accidental,"43,685 km",November 2013,3rd Owner,Petrol,MANUAL,"Fixed Price
₹3,32,899",Delhi
27,2013 Honda Amaze 1.5 SMT I DTEC MANUAL,Non-Accidental,"72,572 km",August 2013,1st Owner,Diesel,MANUAL,"Fixed Price
₹3,30,599",Delhi
28,2014 Maruti Swift VXI MANUAL,Non-Accidental,"93,890 km",May 2014,1st Owner,Petrol,MANUAL,"Fixed Price
₹3,90,099",Delhi
29,2014 Maruti Swift VDI MANUAL,Non-Accidental,"64,370 km",June 2014,1st Owner,Diesel,MANUAL,"Fixed Price
₹3,89,399",Delhi
30,2015 Maruti Swift LDI BS IV MANUAL,Non-Accidental,"18,206 km",December 2015,1st Owner,Diesel,MANUAL,"Fixed Price
₹3,99,099",Delhi
31,2015 Maruti Swift VDI ABS MANUAL,Non-Accidental,"1,26,169 km",August 2015,1st Owner,Diesel,MANUAL,"Fixed Price
₹4,02,599",Delhi
32,2015 Audi Q3 35 TDI Quattro AUTOMATIC,Non-Accidental,"67,720 km",October 2015,3rd Owner,Diesel,AUTOMATIC,"Fixed Price
₹16,25,299",Delhi
33,2014 Maruti Swift VDI MANUAL,Non-Accidental,"54,884 km",February 2014,1st Owner,Diesel,MANUAL,"Fixed Price
₹4,07,199",Delhi
34,2018 Maruti Baleno DELTA 1.2 K12 MANUAL,Non-Accidental,"23,580 km",February 2018,1st Owner,Petrol,MANUAL,"Fixed Price
₹5,96,099",Delhi
35,2015 Maruti Swift VDI ABS MANUAL,Non-Accidental,"37,925 km",February 2015,1st Owner,Diesel,MANUAL,"Fixed Price
₹4,08,699",Delhi
36,2017 Maruti Ciaz VDI+ SHVS MANUAL,Non-Accidental,"1,07,013 km",January 2017,1st Owner,Diesel,MANUAL,"Fixed Price
₹6,38,799",Delhi
37,2015 Audi Q3 30 TDI MT S EDITION MANUAL,Non-Accidental,"69,954 km",February 2015,1st Owner,Diesel,MANUAL,"Fixed Price
₹13,94,699",Delhi
38,2011 Honda City V MT PETROL MANUAL,Non-Accidental,"1,49,072 km",July 2011,1st Owner,Petrol,MANUAL,"Fixed Price
₹3,25,499",Delhi
39,2015 Maruti Swift VDI ABS MANUAL,Non-Accidental,"44,638 km",November 2015,1st Owner,Diesel,MANUAL,"Fixed Price
₹4,40,899",Delhi
40,2013 Ford Ecosport 1.5 TITANIUMTDCI OPT MANUAL,Non-Accidental,"80,686 km",December 2013,2nd Owner,Diesel,MANUAL,"Fixed Price
₹4,68,299",Delhi
41,2015 Maruti Swift VDI ABS MANUAL,Non-Accidental,"92,086 km",February 2015,1st Owner,Diesel,MANUAL,"Fixed Price
₹4,11,299",Delhi
42,2016 Maruti Vitara Brezza ZDI MANUAL,Non-Accidental,"65,443 km",April 2016,1st Owner,Diesel,MANUAL,"Fixed Price
₹7,04,499",Delhi
43,2016 Maruti Vitara Brezza ZDI PLUS MANUAL,Non-Accidental,"34,879 km",March 2016,1st Owner,Diesel,MANUAL,"Fixed Price
₹7,10,299",Delhi
44,2018 Maruti Wagon R 1.0 VXI MANUAL,Non-Accidental,"16,534 km",August 2018,1st Owner,Petrol,MANUAL,"Fixed Price
₹4,56,699",Delhi
45,2017 Ford Ecosport 1.5TITANIUM TDCI MANUAL,Non-Accidental,"46,036 km",May 2017,1st Owner,Diesel,MANUAL,"Fixed Price
₹6,64,399",Delhi
46,2013 Hyundai New Elantra S 1.6 MT MANUAL,Non-Accidental,"47,959 km",June 2013,2nd Owner,Diesel,MANUAL,"Fixed Price
₹6,73,299",Delhi
47,2014 Maruti Ritz LDI MANUAL,Non-Accidental,"70,124 km",June 2014,1st Owner,Diesel,MANUAL,"Fixed Price
₹2,86,599",Delhi
48,2018 Ford Ecosport 1.5 TITANIUM PLUS TI VCT AT AUTOMATIC,Non-Accidental,"26,429 km",March 2018,1st Owner,Petrol,AUTOMATIC,"Fixed Price
₹8,36,999",Delhi
49,2013 Toyota Fortuner 3.0 MT 4X2 MANUAL,Non-Accidental,"1,17,460 km",May 2013,2nd Owner,Diesel,MANUAL,"Fixed Price
₹12,51,299",Delhi
50,2020 Honda City ZX CVT AUTOMATIC,Non-Accidental,"10,322 km",January 2020,1st Owner,Petrol,AUTOMATIC,"Fixed Price
₹13,04,599",Delhi
51,2014 Toyota Corolla Altis D 4D G MANUAL,Non-Accidental,"1,26,822 km",October 2014,1st Owner,Diesel,MANUAL,"Fixed Price
₹7,52,799",Delhi
52,2016 Ford Ecosport 1.5TITANIUM TDCI MANUAL,Non-Accidental,"77,133 km",October 2016,1st Owner,Diesel,MANUAL,"Fixed Price
₹6,14,299",Delhi
53,2014 Nissan Terrano XV 110 DIESEL MANUAL,Non-Accidental,"43,866 km",September 2014,1st Owner,Diesel,MANUAL,"Fixed Price
₹4,76,199",Delhi
54,2015 Hyundai Creta 1.6 SX PLUS DIESEL MANUAL,Non-Accidental,"81,173 km",November 2015,2nd Owner,Diesel,MANUAL,"Fixed Price
₹7,55,299",Delhi
55,2015 Hyundai Creta 1.6 SX (O) CRDI MANUAL,Non-Accidental,"89,521 km",July 2015,1st Owner,Diesel,MANUAL,"Fixed Price
₹8,08,699",Delhi
56,2015 Hyundai Creta 1.6 S MANUAL,Non-Accidental,"84,265 km",August 2015,2nd Owner,Petrol,MANUAL,"Fixed Price
₹8,09,499",Delhi
57,2015 Hyundai Creta 1.6 SX PLUS PETROL MANUAL,Non-Accidental,"53,083 km",September 2015,1st Owner,Petrol,MANUAL,"Fixed Price
₹8,00,299",Delhi
58,2018 Maruti Vitara Brezza VDI MANUAL,Non-Accidental,"1,12,703 km",March 2018,1st Owner,Diesel,MANUAL,"Fixed Price
₹6,75,499",Delhi
59,2014 Hyundai i20 MAGNA O 1.2 MANUAL,Non-Accidental,"39,731 km",January 2014,1st Owner,Petrol,MANUAL,"Fixed Price
₹3,92,899",Delhi
60,2014 Toyota Innova 2.5 VX 8 STR BS IV MANUAL,Non-Accidental,"82,096 km",October 2014,1st Owner,Diesel,MANUAL,"Fixed Price
₹10,31,599",Delhi
61,2013 BMW X3 XDRIVE 20D AUTOMATIC,Non-Accidental,"69,697 km",September 2013,2nd Owner,Diesel,AUTOMATIC,"Fixed Price
₹12,69,699",Delhi
62,2014 Toyota Fortuner SPORTIVO 4X2 MT MANUAL,Non-Accidental,"1,75,240 km",May 2014,1st Owner,Diesel,MANUAL,"Fixed Price
₹12,99,099",Delhi
63,2018 Maruti Vitara Brezza VDI OPT MANUAL,Non-Accidental,"45,926 km",February 2018,1st Owner,Diesel,MANUAL,"Fixed Price
₹7,39,599",Delhi
64,2018 Maruti Vitara Brezza VDI MANUAL,Non-Accidental,"20,713 km",February 2018,1st Owner,Diesel,MANUAL,"Fixed Price
₹7,71,399",Delhi
65,2014 Hyundai Xcent BASE 1.2 MANUAL,Non-Accidental,"42,384 km",April 2014,1st Owner,Petrol,MANUAL,"Fixed Price
₹3,81,699",Delhi
66,2017 Hyundai Creta 1.4 E PLUS CRDI,Non-Accidental,"74,110 km",July 2017,1st Owner,Diesel,NA,"Fixed Price
₹8,15,599",Delhi
67,2013 Mercedes Benz E Class E 250 CDI AVANTGARDE MANUAL,Non-Accidental,"41,294 km",April 2013,2nd Owner,Diesel,MANUAL,"Fixed Price
₹15,34,799",Delhi
68,2015 Mahindra XUV500 W10 MANUAL,Non-Accidental,"1,14,885 km",May 2015,2nd Owner,Diesel,MANUAL,"Fixed Price
₹8,69,999",Delhi
69,2017 Nissan Terrano XV PREMIUM 110 PS AMT DEISEL AUTOMATIC,Non-Accidental,"49,610 km",August 2017,1st Owner,Diesel,AUTOMATIC,"Fixed Price
₹7,73,899",Delhi
70,2019 Maruti Vitara Brezza VDI MANUAL,Non-Accidental,"75,243 km",February 2019,1st Owner,Diesel,MANUAL,"Fixed Price
₹7,87,699",Delhi
71,2017 Mahindra TUV300 T8 MANUAL,Non-Accidental,"37,328 km",October 2017,1st Owner,Diesel,MANUAL,"Fixed Price
₹6,68,499",Delhi
72,2019 Maruti Vitara Brezza VDI MANUAL,Non-Accidental,"27,570 km",April 2019,1st Owner,Diesel,MANUAL,"Fixed Price
₹8,03,199",Delhi
73,2019 Maruti Vitara Brezza VDI MANUAL,Non-Accidental,"18,028 km",February 2019,1st Owner,Diesel,MANUAL,"Fixed Price
₹8,03,199",Delhi
74,2016 Maruti S Cross ALPHA 1.6 MANUAL,Non-Accidental,"1,17,629 km",April 2016,1st Owner,Diesel,MANUAL,"Fixed Price
₹5,46,099",Delhi
75,2017 Honda WR-V 1.2 i-VTEC VX MT MANUAL,Non-Accidental,"16,683 km",June 2017,1st Owner,Petrol,MANUAL,"Fixed Price
₹7,61,299",Delhi
76,2019 Hyundai GRAND I10 NIOS Asta Petrol MANUAL,Non-Accidental,"5,906 km",July 2019,1st Owner,Petrol,MANUAL,"Fixed Price
₹6,68,099",Delhi
77,2018 Hyundai Elite i20 ASTA 1.4 CRDI MANUAL,Non-Accidental,"74,782 km",January 2018,2nd Owner,Diesel,MANUAL,"Fixed Price
₹6,77,699",Delhi
78,2017 Maruti IGNIS ZETA 1.2 K12 MANUAL,Non-Accidental,"15,302 km",January 2017,1st Owner,Petrol,MANUAL,"Fixed Price
₹5,19,499",Delhi
79,2019 Maruti IGNIS ZETA 1.2 K12 MANUAL,Non-Accidental,"27,398 km",March 2019,1st Owner,Petrol,MANUAL,"Fixed Price
₹5,46,999",Delhi
80,2019 Maruti Alto K10 VXI MANUAL,Non-Accidental,"13,895 km",February 2019,2nd Owner,Petrol,MANUAL,"Fixed Price
₹3,86,699",Delhi
81,2020 Maruti S PRESSO VXI MANUAL,Non-Accidental,"4,170 km",January 2020,1st Owner,Petrol,MANUAL,"Fixed Price
₹4,22,399",Delhi
82,2014 Hyundai Xcent SX 1.2 OPT MANUAL,Non-Accidental,"60,824 km",April 2014,2nd Owner,Petrol,MANUAL,"Fixed Price
₹4,22,799",Delhi
83,2015 Toyota Camry HYBRID AT AUTOMATIC,Non-Accidental,"1,51,788 km",January 2015,1st Owner,Petrol,AUTOMATIC,"Fixed Price
₹12,71,199",Delhi
84,2017 Datsun Redi Go S MANUAL,Non-Accidental,"18,178 km",February 2017,1st Owner,Petrol,MANUAL,"Fixed Price
₹2,48,699",Delhi
85,2010 Honda City S MT PETROL MANUAL,Non-Accidental,"31,001 km",April 2010,1st Owner,Petrol,MANUAL,"Fixed Price
₹4,25,399",Delhi
86,2018 Toyota YARIS VX CVT,Non-Accidental,"39,407 km",May 2018,1st Owner,Petrol,NA,"Fixed Price
₹8,80,399",Delhi
87,2014 Audi Q3 2.0 TDI MT S EDITION MANUAL,Non-Accidental,"66,027 km",January 2014,1st Owner,Diesel,MANUAL,"Fixed Price
₹12,09,799",Delhi
88,2015 Hyundai Elite i20 MAGNA 1.4 CRDI MANUAL,Non-Accidental,"34,212 km",September 2015,1st Owner,Diesel,MANUAL,"Fixed Price
₹5,40,999",Delhi
89,2015 Hyundai Elite i20 ASTA 1.4 CRDI MANUAL,Non-Accidental,"60,292 km",October 2015,1st Owner,Diesel,MANUAL,"Fixed Price
₹5,44,399",Delhi
90,2016 Hyundai Elite i20 SPORTZ 1.4 MANUAL,Non-Accidental,"1,06,166 km",August 2016,1st Owner,Diesel,MANUAL,"Fixed Price
₹5,07,199",Delhi
91,2020 Toyota Glanza G MT PETROL MANUAL,Non-Accidental,"24,582 km",January 2020,2nd Owner,Petrol,MANUAL,"Fixed Price
₹6,79,799",Delhi
92,2016 Hyundai Creta 1.6 SX CRDI MANUAL,Non-Accidental,"85,035 km",May 2016,1st Owner,Diesel,MANUAL,"Fixed Price
₹8,67,299",Delhi
93,2016 Hyundai Creta 1.6 SX (O) CRDI MANUAL,Non-Accidental,"55,835 km",March 2016,1st Owner,Diesel,MANUAL,"Fixed Price
₹9,48,299",Delhi
94,2015 Hyundai i20 Active 1.2 S MANUAL,Non-Accidental,"67,979 km",February 2015,1st Owner,Petrol,MANUAL,"Fixed Price
₹5,20,399",Delhi
95,2015 Hyundai Elite i20 MAGNA 1.4 CRDI MANUAL,Non-Accidental,"52,987 km",March 2015,2nd Owner,Diesel,MANUAL,"Fixed Price
₹4,58,099",Delhi
96,2019 Hyundai VENUE S MT Turbo GDI 1.0L MANUAL,Non-Accidental,"31,118 km",November 2019,1st Owner,Petrol,MANUAL,"Fixed Price
₹8,76,299",Delhi
97,2013 Audi Q3 2.0 TDI QUATTRO AUTOMATIC,Non-Accidental,"88,920 km",January 2013,1st Owner,Diesel,AUTOMATIC,"Fixed Price
₹12,16,099",Delhi
98,2014 Ford Ecosport 1.5 TITANIUMTDCI OPT MANUAL,Non-Accidental,"21,194 km",March 2014,1st Owner,Diesel,MANUAL,"Fixed Price
₹5,29,799",Delhi
99,2017 Maruti Dzire VDI MANUAL,Non-Accidental,"91,724 km",September 2017,1st Owner,Diesel,MANUAL,"Fixed Price
₹5,85,999",Delhi
100,2015 Hyundai Creta 1.6 SX (O) CRDI MANUAL,Non-Accidental,"1,14,245 km",July 2015,1st Owner,Diesel,MANUAL,"Fixed Price
₹8,27,299",Delhi
101,2015 Hyundai Creta 1.6 SX CRDI MANUAL,Non-Accidental,"81,207 km",October 2015,1st Owner,Diesel,MANUAL,"Fixed Price
₹7,38,199",Delhi
102,2015 Maruti S Cross ALPHA 1.3 MANUAL,Non-Accidental,"94,544 km",August 2015,1st Owner,Diesel,MANUAL,"Fixed Price
₹5,39,999",Delhi
103,2015 Hyundai Eon MAGNA PLUS MANUAL,Non-Accidental,"63,317 km",April 2015,1st Owner,Petrol,MANUAL,"Fixed Price
₹2,93,899",Delhi
104,2020 Maruti New Wagon-R VXI 1.0 MANUAL,Non-Accidental,"14,609 km",January 2020,1st Owner,Petrol,MANUAL,"Fixed Price
₹5,52,199",Delhi
105,2014 Ford Ecosport 1.5TITANIUM TDCI MANUAL,Non-Accidental,"1,27,254 km",January 2014,1st Owner,Diesel,MANUAL,"Fixed Price
₹4,27,399",Delhi
106,2015 Hyundai Creta 1.6 SX (O) CRDI MANUAL,Non-Accidental,"58,003 km",November 2015,1st Owner,Diesel,MANUAL,"Fixed Price
₹8,18,599",Delhi
107,2012 Maruti Swift Dzire VXI 1.2 BS IV MANUAL,Non-Accidental,"55,409 km",January 2012,2nd Owner,Petrol,MANUAL,"Fixed Price
₹3,67,399",Delhi
108,2015 Hyundai Creta 1.6 SX CRDI MANUAL,Non-Accidental,"1,17,683 km",July 2015,1st Owner,Diesel,MANUAL,"Fixed Price
₹7,72,399",Delhi
109,2013 Toyota Innova 2.5 GX 7 STR BS IV MANUAL,Non-Accidental,"1,21,060 km",April 2013,2nd Owner,Diesel,MANUAL,"Fixed Price
₹6,66,899",Delhi
110,2016 Maruti Baleno ZETA 1.2 K12 MANUAL,Non-Accidental,"32,766 km",April 2016,2nd Owner,Petrol,MANUAL,"Fixed Price
₹5,46,999",Delhi
111,2020 Maruti New Wagon-R 1.0 LXI (O) MANUAL,Non-Accidental,"1,872 km",October 2020,1st Owner,Petrol,MANUAL,"Fixed Price
₹5,23,499",Delhi
112,2014 Ford Ecosport 1.5TITANIUM TDCI MANUAL,Non-Accidental,"59,522 km",January 2014,2nd Owner,Diesel,MANUAL,"Fixed Price
₹4,66,799",Delhi
113,2016 Maruti Baleno ALPHA DDIS 190 MANUAL,Non-Accidental,"71,530 km",October 2016,1st Owner,Diesel,MANUAL,"Fixed Price
₹5,68,199",Delhi
114,2014 Hyundai Elite i20 SPORTZ (O) 1.2 MANUAL,Non-Accidental,"82,377 km",August 2014,1st Owner,Petrol,MANUAL,"Fixed Price
₹4,93,599",Delhi
115,2014 Ford Ecosport 1.5TITANIUM TDCI MANUAL,Non-Accidental,"48,761 km",February 2014,2nd Owner,Diesel,MANUAL,"Fixed Price
₹4,61,699",Delhi
116,2016 Maruti Baleno ALPHA DDIS 190 MANUAL,Non-Accidental,"67,332 km",January 2016,1st Owner,Diesel,MANUAL,"Fixed Price
₹6,19,199",Delhi
117,2016 Hyundai Elite i20 MAGNA 1.4 CRDI MANUAL,Non-Accidental,"42,483 km",February 2016,1st Owner,Diesel,MANUAL,"Fixed Price
₹5,09,099",Delhi
118,2013 Renault Duster 85 PS RXL OPT MANUAL,Non-Accidental,"96,788 km",February 2013,1st Owner,Diesel,MANUAL,"Fixed Price
₹4,36,399",Delhi
119,2017 Hyundai Grand i10 MAGNA 1.2 KAPPA VTVT MANUAL,Non-Accidental,"16,701 km",August 2017,1st Owner,Petrol,MANUAL,"Fixed Price
₹4,60,599",Delhi
