,Car,History,KM,Year_purchase,Owner,fuel,Transmission,Price,Location
0,2016 Renault Kwid 1.0 RXT MANUAL,Non-Accidental,"20,445 km",August 2016,1st Owner,Petrol,MANUAL,Fixed Price,hyderabad
1,2018 Volkswagen Ameo HIGHLINE PLUS 1.0 MANUAL,Non-Accidental,"65,235 km",July 2018,1st Owner,Petrol,MANUAL,"Fixed Price
₹3,33,899",hyderabad
2,2017 Skoda Octavia Style 1.4 TSI MT MANUAL,Non-Accidental,"47,264 km",July 2017,1st Owner,Petrol,MANUAL,"Fixed Price
₹6,21,899",hyderabad
3,2016 Maruti Baleno ZETA 1.2 K12 MANUAL,Non-Accidental,"1,03,354 km",December 2016,1st Owner,Petrol,MANUAL,"Fixed Price
₹13,05,499",hyderabad
4,2015 Honda Jazz 1.2 V AT AUTOMATIC,Non-Accidental,"65,571 km",November 2015,2nd Owner,Petrol,AUTOMATIC,"Fixed Price
₹6,21,899",hyderabad
5,2017 Maruti Baleno DELTA 1.2 K12 MANUAL,Non-Accidental,"22,876 km",April 2017,1st Owner,Petrol,MANUAL,"Fixed Price
₹5,24,199",hyderabad
6,2020 Hyundai VENUE 1.5 SX CRDI MT MANUAL,Non-Accidental,"40,139 km",May 2020,1st Owner,Diesel,MANUAL,"Fixed Price
₹5,87,099",hyderabad
7,2020 Maruti Ciaz ALPHA 1.5 AT VTVT SHVS,Non-Accidental,"35,019 km",February 2020,1st Owner,Petrol,NA,"Fixed Price
₹10,42,799",hyderabad
8,2012 Maruti Swift ZDI MANUAL,Non-Accidental,"78,819 km",September 2012,2nd Owner,Diesel,MANUAL,"Fixed Price
₹10,83,299",hyderabad
9,2021 Maruti Baleno ZETA 1.2 K12 MANUAL,Non-Accidental,"15,065 km",January 2021,1st Owner,Petrol,MANUAL,"Fixed Price
₹4,76,699",hyderabad
10,2018 Maruti IGNIS SIGMA 1.2 K12 MANUAL,Non-Accidental,"55,088 km",April 2018,1st Owner,Petrol,MANUAL,"Fixed Price
₹8,27,799",hyderabad
11,2017 Honda Jazz VX 1.2 MANUAL,Non-Accidental,"75,366 km",January 2017,2nd Owner,Petrol,MANUAL,"Fixed Price
₹4,21,799",hyderabad
12,2014 Maruti Swift VXI MANUAL,Non-Accidental,"41,934 km",February 2014,1st Owner,Petrol,MANUAL,"Fixed Price
₹5,86,399",hyderabad
13,2020 Ford Ecosport 1.5 TITANIUM PLUS TI VCT AT AUTOMATIC,Non-Accidental,"5,634 km",November 2020,1st Owner,Petrol,AUTOMATIC,"Fixed Price
₹4,85,199",hyderabad
14,2018 Renault Kwid 1.0 RXT Opt AT AUTOMATIC,Non-Accidental,"29,061 km",May 2018,1st Owner,Petrol,AUTOMATIC,"Fixed Price
₹12,60,699",hyderabad
15,2015 Maruti Alto K10 VXI MANUAL,Non-Accidental,"2,34,695 km",April 2015,1st Owner,Petrol,MANUAL,"Fixed Price
₹4,23,899",hyderabad
16,2018 Maruti Vitara Brezza VDI AMT AUTOMATIC,Non-Accidental,"81,477 km",July 2018,2nd Owner,Diesel,AUTOMATIC,"Fixed Price
₹2,73,299",hyderabad
17,2019 Maruti Alto VXI MANUAL,Non-Accidental,"41,432 km",April 2019,1st Owner,Petrol,MANUAL,"Fixed Price
₹8,00,499",hyderabad
18,2016 Maruti Wagon R 1.0 VXI MANUAL,Non-Accidental,"39,789 km",February 2016,1st Owner,Petrol,MANUAL,"Fixed Price
₹4,14,499",hyderabad
19,2011 Hyundai i10 SPORTZ 1.2 KAPPA2 MANUAL,Non-Accidental,"72,072 km",April 2011,1st Owner,Petrol,MANUAL,"Fixed Price
₹4,05,899",hyderabad
20,2015 Honda Brio 1.2 S MT I VTEC MANUAL,Non-Accidental,"68,623 km",April 2015,1st Owner,Petrol,MANUAL,"Fixed Price
₹3,04,399",hyderabad
21,2012 Hyundai i10 MAGNA 1.2 KAPPA2 MANUAL,Non-Accidental,"50,410 km",January 2012,2nd Owner,Petrol,MANUAL,"Fixed Price
₹4,13,699",hyderabad
22,2013 Maruti Wagon R 1.0 VXI MANUAL,Non-Accidental,"58,771 km",February 2013,1st Owner,Petrol,MANUAL,"Fixed Price
₹3,05,799",hyderabad
23,2018 Maruti Alto K10 VXI MANUAL,Non-Accidental,"35,394 km",May 2018,1st Owner,Petrol,MANUAL,"Fixed Price
₹3,69,899",hyderabad
24,2013 Honda Brio 1.2 VX AT I VTEC AUTOMATIC,Non-Accidental,"27,101 km",May 2013,2nd Owner,Petrol,AUTOMATIC,"Fixed Price
₹3,63,099",hyderabad
25,2019 Maruti Eeco 5 STR WITH AC PLUSHTR MANUAL,Non-Accidental,"21,336 km",January 2019,1st Owner,Petrol,MANUAL,"Fixed Price
₹4,47,099",hyderabad
26,2010 Hyundai i20 SPORTZ 1.2 O MANUAL,Non-Accidental,"79,222 km",March 2010,2nd Owner,Petrol,MANUAL,"Fixed Price
₹4,32,199",hyderabad
27,2016 Maruti Wagon R 1.0 VXI MANUAL,Non-Accidental,"55,405 km",July 2016,1st Owner,Petrol,MANUAL,"Fixed Price
₹3,78,299",hyderabad
28,2017 Maruti Alto 800 LXI MANUAL,Non-Accidental,"61,247 km",May 2017,1st Owner,Petrol,MANUAL,"Fixed Price
₹4,27,699",hyderabad
29,NAN,Non-Accidental,"45,313 km",April 2018,NAN,NAN,NAN,"Fixed Price
₹3,08,199",hyderabad
30,2018 Maruti Alto K10 VXI MANUAL,Non-Accidental,"41,877 km",April 2018,2nd Owner,Petrol,MANUAL,NAN,hyderabad
31,2017 Renault Kwid CLIMBER 1.0 AT AUTOMATIC,Non-Accidental,"36,933 km",December 2017,2nd Owner,Petrol,AUTOMATIC,"Fixed Price
₹3,83,899",hyderabad
32,2011 Hyundai i10 MAGNA 1.2 KAPPA2 MANUAL,Non-Accidental,"16,968 km",May 2011,2nd Owner,Petrol,MANUAL,"Fixed Price
₹4,11,199",hyderabad
33,2014 Maruti Wagon R 1.0 VXI MANUAL,Non-Accidental,"92,708 km",November 2014,1st Owner,Petrol,MANUAL,"Fixed Price
₹2,85,099",hyderabad
34,2017 Renault Captur PLATINE DUAL TONE MANUAL,Non-Accidental,"26,909 km",October 2017,1st Owner,Diesel,MANUAL,"Fixed Price
₹3,68,799",hyderabad
35,2012 Maruti Alto K10 VXI MANUAL,Non-Accidental,"94,205 km",September 2012,2nd Owner,Petrol,MANUAL,"Fixed Price
₹8,21,799",hyderabad
36,2019 Tata Harrier XZ 2.0L Kryotec MANUAL,Non-Accidental,"81,479 km",February 2019,1st Owner,Diesel,MANUAL,"Fixed Price
₹2,65,799",hyderabad
37,2016 Renault Kwid RXT MANUAL,Non-Accidental,"59,280 km",June 2016,1st Owner,Petrol,MANUAL,"Fixed Price
₹14,89,899",hyderabad
38,2016 Renault Kwid 1.0 RXT MANUAL,Non-Accidental,"21,875 km",October 2016,1st Owner,Petrol,MANUAL,"Fixed Price
₹3,23,799",hyderabad
39,2017 Datsun Redi Go S MANUAL,Non-Accidental,"29,131 km",May 2017,1st Owner,Petrol,MANUAL,"Fixed Price
₹3,33,899",hyderabad
40,2016 Renault Kwid 1.0 RXT MANUAL,Non-Accidental,"55,740 km",January 2016,1st Owner,Petrol,MANUAL,"Fixed Price
₹3,12,399",hyderabad
41,2018 Volkswagen Ameo HIGHLINE PLUS 1.0 MANUAL,Non-Accidental,"51,628 km",January 2017,1st Owner,Petrol,MANUAL,"Fixed Price
₹5,99,199",hyderabad
42,2017 Skoda Octavia Style 1.4 TSI MT MANUAL,Non-Accidental,"23,410 km",May 2019,1st Owner,Petrol,MANUAL,"Fixed Price
₹9,91,499",hyderabad
43,2016 Maruti Baleno ZETA 1.2 K12 MANUAL,Non-Accidental,"1,83,608 km",March 2015,1st Owner,Diesel,MANUAL,"Fixed Price
₹4,32,199",hyderabad
44,2015 Honda Jazz 1.2 V AT AUTOMATIC,Non-Accidental,"48,692 km",January 2019,2nd Owner,Petrol,MANUAL,"Fixed Price
₹5,87,299",hyderabad
45,2017 Maruti Baleno DELTA 1.2 K12 MANUAL,Non-Accidental,"44,234 km",August 2017,2nd Owner,Petrol,AUTOMATIC,"Fixed Price
₹5,47,299",hyderabad
46,2020 Hyundai VENUE 1.5 SX CRDI MT MANUAL,Non-Accidental,"69,096 km",July 2016,2nd Owner,Petrol,MANUAL,"Fixed Price
₹10,69,099",hyderabad
47,2020 Maruti Ciaz ALPHA 1.5 AT VTVT SHVS,Non-Accidental,"1,18,824 km",April 2016,1st Owner,Diesel,MANUAL,"Fixed Price
₹5,89,699",hyderabad
48,2012 Maruti Swift ZDI MANUAL,Non-Accidental,"27,304 km",February 2018,1st Owner,Petrol,MANUAL,"Fixed Price
₹6,58,699",hyderabad
49,2021 Maruti Baleno ZETA 1.2 K12 MANUAL,Non-Accidental,"79,936 km",June 2017,1st Owner,Diesel,AUTOMATIC,"Fixed Price
₹6,52,799",hyderabad
50,2018 Maruti IGNIS SIGMA 1.2 K12 MANUAL,Non-Accidental,"79,312 km",January 2017,1st Owner,Petrol,MANUAL,"Fixed Price
₹11,69,099",hyderabad
51,2017 Honda Jazz VX 1.2 MANUAL,Non-Accidental,"68,345 km",March 2015,2nd Owner,Petrol,MANUAL,"Fixed Price
₹5,70,599",hyderabad
52,2014 Maruti Swift VXI MANUAL,Non-Accidental,"1,58,977 km",June 2012,2nd Owner,Diesel,AUTOMATIC,"Fixed Price
₹3,14,399",hyderabad
53,2020 Ford Ecosport 1.5 TITANIUM PLUS TI VCT AT AUTOMATIC,Non-Accidental,"68,276 km",November 2017,1st Owner,Diesel,MANUAL,"Fixed Price
₹15,08,199",hyderabad
54,2018 Renault Kwid 1.0 RXT Opt AT AUTOMATIC,Non-Accidental,"67,406 km",July 2018,1st Owner,Petrol,MANUAL,"Fixed Price
₹6,23,099",hyderabad
55,2015 Maruti Alto K10 VXI MANUAL,Non-Accidental,"83,119 km",August 2018,1st Owner,Diesel,AUTOMATIC,"Fixed Price
₹12,06,099",hyderabad
56,2018 Maruti Vitara Brezza VDI AMT AUTOMATIC,Non-Accidental,"61,290 km",October 2015,2nd Owner,Petrol,MANUAL,"Fixed Price
₹10,30,299",hyderabad
57,2019 Maruti Alto VXI MANUAL,Non-Accidental,"52,871 km",May 2014,1st Owner,Petrol,AUTOMATIC,"Fixed Price
₹5,26,299",hyderabad
58,2016 Maruti Wagon R 1.0 VXI MANUAL,Non-Accidental,"69,895 km",June 2018,1st Owner,Petrol,MANUAL,"Fixed Price
₹4,57,499",hyderabad
59,2011 Hyundai i10 SPORTZ 1.2 KAPPA2 MANUAL,Non-Accidental,"38,789 km",April 2015,1st Owner,Petrol,MANUAL,"Fixed Price
₹6,37,699",hyderabad
60,2015 Honda Brio 1.2 S MT I VTEC MANUAL,Non-Accidental,"97,519 km",January 2015,1st Owner,Diesel,MANUAL,"Fixed Price
₹3,28,799",hyderabad
61,2012 Hyundai i10 MAGNA 1.2 KAPPA2 MANUAL,Non-Accidental,"8,459 km",January 2021,1st Owner,Petrol,MANUAL,"Fixed Price
₹5,38,799",hyderabad
62,2013 Maruti Wagon R 1.0 VXI MANUAL,Non-Accidental,"52,446 km",October 2017,1st Owner,Petrol,AUTOMATIC,"Fixed Price
₹9,90,499",hyderabad
63,2018 Maruti Alto K10 VXI MANUAL,Non-Accidental,"60,393 km",May 2018,2nd Owner,Petrol,AUTOMATIC,"Fixed Price
₹6,76,099",hyderabad
64,2013 Honda Brio 1.2 VX AT I VTEC AUTOMATIC,Non-Accidental,"44,635 km",January 2020,1st Owner,Petrol,MANUAL,"Fixed Price
₹7,45,099",hyderabad
65,2019 Maruti Eeco 5 STR WITH AC PLUSHTR MANUAL,Non-Accidental,"44,764 km",September 2018,2nd Owner,Diesel,AUTOMATIC,"Fixed Price
₹8,20,399",hyderabad
66,2010 Hyundai i20 SPORTZ 1.2 O MANUAL,Non-Accidental,"58,996 km",March 2018,1st Owner,Petrol,MANUAL,"Fixed Price
₹8,97,399",hyderabad
67,2016 Maruti Wagon R 1.0 VXI MANUAL,Non-Accidental,"68,792 km",September 2016,2nd Owner,Petrol,MANUAL,"Fixed Price
₹5,30,299",hyderabad
68,2017 Maruti Alto 800 LXI MANUAL,Non-Accidental,"19,376 km",August 2017,2nd Owner,Petrol,MANUAL,"Fixed Price
₹4,79,199",hyderabad
69,NAN,Non-Accidental,"62,995 km",March 2012,2nd Owner,Petrol,MANUAL,"Fixed Price
₹5,19,499",hyderabad
70,2018 Maruti Alto K10 VXI MANUAL,Non-Accidental,"46,870 km",March 2016,1st Owner,Petrol,AUTOMATIC,"Fixed Price
₹2,44,499",hyderabad
71,2017 Renault Kwid CLIMBER 1.0 AT AUTOMATIC,Non-Accidental,"21,402 km",May 2019,1st Owner,Petrol,MANUAL,"Fixed Price
₹4,30,999",hyderabad
72,2011 Hyundai i10 MAGNA 1.2 KAPPA2 MANUAL,Non-Accidental,"18,838 km",September 2019,1st Owner,Petrol,MANUAL,"Fixed Price
₹4,32,199",hyderabad
73,2014 Maruti Wagon R 1.0 VXI MANUAL,Non-Accidental,"23,366 km",May 2017,1st Owner,Petrol,MANUAL,"Fixed Price
₹4,11,399",hyderabad
74,2017 Renault Captur PLATINE DUAL TONE MANUAL,Non-Accidental,"5,270 km",September 2019,1st Owner,Petrol,MANUAL,"Fixed Price
₹3,89,299",hyderabad
75,2012 Maruti Alto K10 VXI MANUAL,Non-Accidental,"30,466 km",March 2014,1st Owner,Petrol,MANUAL,"Fixed Price
₹4,41,499",hyderabad
76,2019 Tata Harrier XZ 2.0L Kryotec MANUAL,Non-Accidental,"79,673 km",September 2016,1st Owner,Diesel,AUTOMATIC,"Fixed Price
₹4,64,199",hyderabad
77,2016 Renault Kwid RXT MANUAL,Non-Accidental,"16,480 km",May 2019,1st Owner,Petrol,MANUAL,"Fixed Price
₹14,58,599",hyderabad
78,2016 Renault Kwid 1.0 RXT MANUAL,Non-Accidental,"25,789 km",September 2018,1st Owner,Diesel,MANUAL,"Fixed Price
₹4,20,699",hyderabad
79,2017 Datsun Redi Go S MANUAL,Non-Accidental,"52,785 km",August 2013,1st Owner,Petrol,MANUAL,"Fixed Price
₹8,56,499",hyderabad
80,2016 Volkswagen Polo HIGHLINE1.2L PETROL MANUAL,Non-Accidental,"6,833 km",August 2016,1st Owner,Petrol,AUTOMATIC,"Fixed Price
₹2,77,899",hyderabad
81,2017 Hyundai Creta 1.6 SX PLUS PETROL MANUAL,Non-Accidental,"44,522 km",July 2018,1st Owner,Diesel,MANUAL,"Fixed Price
₹5,91,499",hyderabad
82,2019 Maruti Eeco 5 STR WITH AC PLUSHTR MANUAL,Non-Accidental,"29,693 km",July 2017,1st Owner,Petrol,MANUAL,"Fixed Price
₹9,45,199",hyderabad
83,2015 Hyundai Elite i20 SPORTZ (O) 1.4 MANUAL,Non-Accidental,"1,75,702 km",December 2016,NAN,NAN,NAN,"Fixed Price
₹5,33,199",hyderabad
84,2019 Maruti New Wagon-R VXI 1.2L MANUAL,Non-Accidental,"13,505 km",November 2015,2nd Owner,Petrol,MANUAL,NAN,hyderabad
85,2017 Hyundai Creta 1.6 SX PLUS AUTO PETROL AUTOMATIC,Non-Accidental,"1,20,506 km",April 2017,1st Owner,Petrol,MANUAL,"Fixed Price
₹6,25,799",hyderabad
86,2016 Hyundai Elite i20 SPORTZ 1.2 MANUAL,Non-Accidental,"72,222 km",May 2020,2nd Owner,Diesel,AUTOMATIC,"Fixed Price
₹6,01,199",hyderabad
87,2016 Hyundai Elite i20 ASTA 1.4 CRDI MANUAL,Non-Accidental,"21,548 km",February 2020,1st Owner,Petrol,MANUAL,"Fixed Price
₹19,26,499",hyderabad
88,2018 Maruti Dzire VXI MANUAL,Non-Accidental,"13,989 km",September 2012,1st Owner,Petrol,MANUAL,"Fixed Price
₹5,60,499",hyderabad
89,2017 Hyundai Creta 1.6 CRDI SX PLUS AUTO AUTOMATIC,Non-Accidental,"23,652 km",January 2021,1st Owner,Petrol,MANUAL,"Fixed Price
₹8,32,499",hyderabad
90,2017 Maruti IGNIS ALPHA 1.2 K12 DUAL TONE MANUAL,Non-Accidental,"23,602 km",April 2018,1st Owner,Petrol,MANUAL,"Fixed Price
₹9,83,099",hyderabad
91,2015 Hyundai Eon MAGNA PLUS MANUAL,Non-Accidental,"67,591 km",January 2017,1st Owner,Petrol,MANUAL,"Fixed Price
₹2,92,599",hyderabad
92,2012 Toyota Fortuner 3.0 AT 4X2 AUTOMATIC,Non-Accidental,"14,978 km",February 2014,1st Owner,Petrol,AUTOMATIC,"Fixed Price
₹5,94,499",hyderabad
93,2017 Maruti Swift VDI OPT MANUAL,Non-Accidental,"1,06,746 km",November 2020,2nd Owner,Petrol,MANUAL,"Fixed Price
₹7,74,199",hyderabad
94,2018 Hyundai Creta 1.6 SX (O) VTVT MANUAL,Non-Accidental,"1,09,519 km",May 2018,1st Owner,Petrol,MANUAL,"Fixed Price
₹5,25,799",hyderabad
95,2018 Hyundai Verna 1.6 CRDI SX + AT AUTOMATIC,Non-Accidental,"45,211 km",April 2015,1st Owner,Petrol,AUTOMATIC,"Fixed Price
₹6,33,799",hyderabad
96,2015 Maruti Swift Dzire VXI 1.2 BS IV MANUAL,Non-Accidental,"58,134 km",July 2018,1st Owner,Diesel,MANUAL,"Fixed Price
₹6,63,599",hyderabad
97,2014 Hyundai Grand i10 ASTA 1.2 AT VTVT AUTOMATIC,Non-Accidental,"1,29,986 km",April 2019,2nd Owner,Diesel,MANUAL,"Fixed Price
₹6,63,299",hyderabad
98,2018 Maruti Baleno ZETA 1.2 K12 MANUAL,Non-Accidental,"16,676 km",February 2016,1st Owner,Petrol,MANUAL,"Fixed Price
₹4,75,299",hyderabad
99,2015 Hyundai Eon MAGNA PLUS MANUAL,Non-Accidental,"34,457 km",April 2011,1st Owner,Petrol,NA,"Fixed Price
₹7,40,799",hyderabad
100,2015 Maruti Swift Dzire VDI BS IV MANUAL,Non-Accidental,"11,795 km",April 2015,2nd Owner,Diesel,MANUAL,"Fixed Price
₹4,29,599",hyderabad
101,2021 Honda Jazz 1.2 ZX MT MANUAL,Non-Accidental,"65,102 km",January 2012,1st Owner,Diesel,MANUAL,"Fixed Price
₹4,29,099",hyderabad
102,2017 Honda Jazz 1.2 V AT AUTOMATIC,Non-Accidental,"74,312 km",February 2013,1st Owner,Petrol,MANUAL,"Fixed Price
₹5,00,499",hyderabad
103,2018 Maruti Baleno ALPHA 1.2 K12 AMT AUTOMATIC,Non-Accidental,"50,940 km",May 2018,1st Owner,Petrol,AUTOMATIC,"Fixed Price
₹2,36,899",hyderabad
104,2020 Maruti Baleno ALPHA 1.2 K12 MANUAL,Non-Accidental,"78,656 km",May 2013,1st Owner,Petrol,MANUAL,"Fixed Price
₹5,01,299",hyderabad
105,2018 Maruti Vitara Brezza ZDI AMT AUTOMATIC,Non-Accidental,"17,804 km",January 2019,1st Owner,Petrol,MANUAL,"Fixed Price
₹4,17,599",hyderabad
106,2018 Hyundai Grand i10 SPORTS 1.2 VTVT MANUAL,Non-Accidental,"41,503 km",March 2010,1st Owner,Petrol,MANUAL,"Fixed Price
₹3,56,299",hyderabad
107,2016 Hyundai Grand i10 SPORTS 1.2 VTVT MANUAL,Non-Accidental,"62,766 km",July 2016,1st Owner,Petrol,MANUAL,"Fixed Price
₹4,15,399",hyderabad
108,2017 Hyundai Grand i10 SPORTS 1.2 VTVT MANUAL,Non-Accidental,"68,809 km",May 2017,2nd Owner,Petrol,MANUAL,"Fixed Price
₹3,40,199",hyderabad
109,2012 Maruti Alto K10 VXI MANUAL,Non-Accidental,"45,693 km",April 2018,2nd Owner,Petrol,MANUAL,"Fixed Price
₹3,62,899",hyderabad
110,2016 Maruti Wagon R 1.0 VXI AMT AUTOMATIC,Non-Accidental,"30,581 km",April 2018,1st Owner,Petrol,MANUAL,"Fixed Price
₹3,43,999",hyderabad
111,2019 Maruti Eeco 5 STR WITH AC PLUSHTR MANUAL,Non-Accidental,"18,789 km",December 2017,1st Owner,Petrol,MANUAL,"Fixed Price
₹3,72,699",hyderabad
112,2019 Maruti Alto K10 VXI MANUAL,Non-Accidental,"45,064 km",May 2011,3rd Owner,Petrol,MANUAL,"Fixed Price
₹4,32,199",hyderabad
113,2017 Maruti Alto K10 VXI MANUAL,Non-Accidental,"61,915 km",November 2014,1st Owner,Petrol,MANUAL,"Fixed Price
₹3,40,099",hyderabad
114,2019 Maruti Alto K10 VXI MANUAL,Non-Accidental,"1,53,631 km",October 2017,1st Owner,Diesel,MANUAL,NAN,hyderabad
115,2014 Maruti Swift VXI MANUAL,Non-Accidental,"55,562 km",September 2012,1st Owner,Petrol,MANUAL,"Fixed Price
₹6,78,999",hyderabad
116,2016 Toyota Innova Crysta 2.8 GX AT 7 STR AUTOMATIC,Non-Accidental,"64,311 km",February 2019,1st Owner,Petrol,MANUAL,"Fixed Price
₹4,52,499",hyderabad
117,2019 Maruti Eeco 7 STR MANUAL,Non-Accidental,"9,338 km",June 2016,NAN,NAN,NAN,"Fixed Price
₹6,39,999",hyderabad
118,2018 Hyundai Elite i20 1.4 CRDI ASTA (O) MANUAL,Non-Accidental,"75,533 km",October 2016,2nd Owner,Petrol,NAN,NAN,hyderabad
119,2013 Hyundai Eon ERA PLUS MANUAL,Non-Accidental,"88,052 km",May 2017,2nd Owner,Diesel,AUTOMATIC,NAN,hyderabad
120,2019 Hyundai NEW SANTRO 1.1 SPORTS AMT AUTOMATIC,Non-Accidental,"32,161 km",January 2016,1st Owner,Petrol,AUTOMATIC,"Fixed Price
₹8,75,099",hyderabad
121,2017 Tata Safari Storme 2.2 VX 4X2 MANUAL,Non-Accidental,"1,21,755 km",January 2017,1st Owner,Diesel,MANUAL,"Fixed Price
₹4,44,299",hyderabad
