,Car,History,KM,Year_purchase,Owner,fuel,Transmission,Price,Location
0,2011 Volkswagen Vento TRENDLINE PETROL MANUAL,Non-Accidental,"85,598 km",January 2011,1st Owner,Petrol,MANUAL,"Fixed Price
₹2,90,299",Mumbai
1,2019 KIA SELTOS GTX+ 1.4 MT MANUAL,Non-Accidental,"14,320 km",July 2019,1st Owner,Petrol,MANUAL,"Fixed Price
₹16,67,199",Mumbai
2,2019 KIA SELTOS GTX+ 1.4 MT MANUAL,Non-Accidental,"5,348 km",November 2019,1st Owner,Petrol,MANUAL,"Fixed Price
₹16,17,199",Mumbai
3,2018 Tata NEXON XM 1.5 MANUAL,Non-Accidental,"96,906 km",January 2018,1st Owner,Diesel,MANUAL,"Fixed Price
₹7,15,499",Mumbai
4,2017 Hyundai Creta 1.6 E + VTVT MANUAL,Non-Accidental,"64,279 km",June 2017,1st Owner,Petrol,MANUAL,"Fixed Price
₹8,27,899",Mumbai
5,2015 Toyota Innova 2.5 VX 8 STR BS IV MANUAL,Non-Accidental,"1,65,870 km",May 2015,1st Owner,Diesel,MANUAL,"Fixed Price
₹9,36,699",Mumbai
6,2015 Hyundai i20 Active 1.2 S MANUAL,Non-Accidental,"45,786 km",May 2015,1st Owner,Petrol,MANUAL,"Fixed Price
₹5,26,899",Mumbai
7,2017 Maruti S Cross ZETA 1.3 MANUAL,Non-Accidental,"26,334 km",February 2017,1st Owner,Diesel,MANUAL,"Fixed Price
₹8,14,899",Mumbai
8,2016 Mahindra TUV300 T8 MANUAL,Non-Accidental,"61,470 km",March 2016,1st Owner,Diesel,MANUAL,"Fixed Price
₹7,29,099",Mumbai
9,2017 Tata Tiago XZA 1.2 REVOTRON AUTOMATIC,Non-Accidental,"26,401 km",August 2017,1st Owner,Petrol,AUTOMATIC,"Fixed Price
₹5,17,099",Mumbai
10,2018 Tata Hexa Varicor 400 XT MANUAL,Non-Accidental,"91,763 km",January 2018,1st Owner,Diesel,MANUAL,"Fixed Price
₹11,85,199",Mumbai
11,2016 Maruti Vitara Brezza ZDI MANUAL,Non-Accidental,"67,227 km",August 2016,1st Owner,Diesel,MANUAL,"Fixed Price
₹7,43,199",Mumbai
12,2019 Maruti New Wagon-R VXI 1.2L MANUAL,Non-Accidental,"11,713 km",January 2019,1st Owner,Petrol,MANUAL,"Fixed Price
₹5,38,899",Mumbai
13,2016 Maruti Vitara Brezza VDI MANUAL,Non-Accidental,"38,563 km",June 2016,1st Owner,Diesel,MANUAL,"Fixed Price
₹7,22,999",Mumbai
14,2020 Toyota Glanza G MT PETROL,Non-Accidental,"8,926 km",March 2020,1st Owner,Petrol,NA,"Fixed Price
₹7,51,399",Mumbai
15,2016 Maruti Ertiga ZDI SHVS MANUAL,Non-Accidental,"66,982 km",July 2016,2nd Owner,Diesel,MANUAL,"Fixed Price
₹8,16,999",Mumbai
16,2017 Hyundai i20 Active 1.2 SX MANUAL,Non-Accidental,"12,910 km",January 2017,1st Owner,Petrol,MANUAL,"Fixed Price
₹6,48,699",Mumbai
17,2017 Maruti Vitara Brezza VDI OPT MANUAL,Non-Accidental,"46,304 km",May 2017,1st Owner,Diesel,MANUAL,"Fixed Price
₹7,45,199",Mumbai
18,2015 Maruti Ciaz ZXI PLUS MANUAL,Non-Accidental,"23,382 km",January 2015,1st Owner,Petrol,MANUAL,"Fixed Price
₹6,55,199",Mumbai
19,2017 Jeep Compass 2.0 LONGITUDE MANUAL,Non-Accidental,"62,695 km",July 2017,1st Owner,Diesel,MANUAL,"Fixed Price
₹13,78,099",Mumbai
